どインポ,-1,-1,-1,名詞,一般,*,*,*,*,どインポ,ドインポ,ドインポ
しんじまえ,-1,-1,-1,名詞,一般,*,*,*,*,しんじまえ,シンジマエ,シンジマエ
ちんぽこ,-1,-1,-1,名詞,一般,*,*,*,*,ちんぽこ,チンポコ,チンポコ
ちんちん,-1,-1,-1,名詞,一般,*,*,*,*,ちんちん,チンチン,チンチン
ちんぽ,-1,-1,-1,名詞,一般,*,*,*,*,ちんぽ,チンポ,チンポ
ぽこちん,-1,-1,-1,名詞,一般,*,*,*,*,ぽこちん,ポコチン,ポコチン
まら,-1,-1,-1,名詞,一般,*,*,*,*,まら,マラ,マラ
陰茎,-1,-1,-1,名詞,一般,*,*,*,*,陰茎,インケイ,インケイ
いんけい,-1,-1,-1,名詞,一般,*,*,*,*,いんけい,インケイ,インケイ
ペニス,-1,-1,-1,名詞,一般,*,*,*,*,ペニス,ペニス,ペニス
男根 ,-1,-1,-1,名詞,一般,*,*,*,*,男根 ,ダンコン,ダンコン
だんこん,-1,-1,-1,名詞,一般,*,*,*,*,男根 ,ダンコン,ダンコン
陽物 ,-1,-1,-1,名詞,一般,*,*,*,*,陽物 ,ヨウモノ,ヨウモノ
ようもの,-1,-1,-1,名詞,一般,*,*,*,*,陽物 ,ヨウモノ,ヨウモノ
あばずれ,-1,-1,-1,名詞,一般,*,*,*,*,あばずれ,アバズレ,アバズレ
やりまん,-1,-1,-1,名詞,一般,*,*,*,*,やりまん,ヤリマン,ヤリマン
くそばばあ,-1,-1,-1,名詞,一般,*,*,*,*,くそばばあ,クソババア,クソババア
まんこ,-1,-1,-1,名詞,一般,*,*,*,*,まんこ,マンコ,マンコ
おまんこ,-1,-1,-1,名詞,一般,*,*,*,*,おまんこ,オマンコ,オマンコ
膣,-1,-1,-1,名詞,一般,*,*,*,*,膣,チツ,チツ
ちつ,-1,-1,-1,名詞,一般,*,*,*,*,膣,チツ,チツ
われめ,-1,-1,-1,名詞,一般,*,*,*,*,われめ,ワレメ,ワレメ
われめちゃん,-1,-1,-1,名詞,一般,*,*,*,*,われめちゃん,ワレメチャン,ワレメチャン
おめこ,-1,-1,-1,名詞,一般,*,*,*,*,おめこ,オメコ,オメコ
変態,-1,-1,-1,名詞,一般,*,*,*,*,変態,ヘンタイ,ヘンタイ
へんたい,-1,-1,-1,名詞,一般,*,*,*,*,変態,ヘンタイ,ヘンタイ
スケベ?,-1,-1,-1,名詞,一般,*,*,*,*,スケベ?,スケベ?,スケベ?
いやらしい?,-1,-1,-1,名詞,一般,*,*,*,*,いやらしい?,イヤラシイ?,イヤラシイ?
下衆野郎,-1,-1,-1,名詞,一般,*,*,*,*,下衆野郎,ゲスヤロウ,ゲスヤロウ
げすやろう,-1,-1,-1,名詞,一般,*,*,*,*,げすやろう,ゲスヤロウ,ゲスヤロウ
デク,-1,-1,-1,名詞,一般,*,*,*,*,デク,デク,デク
くたばれ,-1,-1,-1,名詞,一般,*,*,*,*,くたばれ,クタバレ,クタバレ
くそくらえ,-1,-1,-1,名詞,一般,*,*,*,*,くそくらえ,クソクラエ,クソクラエ
くそったれ,-1,-1,-1,名詞,一般,*,*,*,*,くそったれ,クソッタレ,クソッタレ
きさま,-1,-1,-1,名詞,一般,*,*,*,*,きさま,キサマ,キサマ
てめえ,-1,-1,-1,名詞,一般,*,*,*,*,てめえ,テメエ,テメエ
手前,-1,-1,-1,名詞,一般,*,*,*,*,手前,テマエ,テマエ
てまえ,-1,-1,-1,名詞,一般,*,*,*,*,手前,テマエ,テマエ
どけ,-1,-1,-1,名詞,一般,*,*,*,*,どけ,ドケ,ドケ
こいつ,-1,-1,-1,名詞,一般,*,*,*,*,こいつ,コイツ,コイツ
あいつ,-1,-1,-1,名詞,一般,*,*,*,*,あいつ,アイツ,アイツ
このやろう,-1,-1,-1,名詞,一般,*,*,*,*,このやろう,コノヤロウ,コノヤロウ
やつ,-1,-1,-1,名詞,一般,*,*,*,*,やつ,ヤツ,ヤツ
やつめ,-1,-1,-1,名詞,一般,*,*,*,*,やつめ,ヤツメ,ヤツメ
ちくしょう,-1,-1,-1,名詞,一般,*,*,*,*,ちくしょう,チクショウ,チクショウ
やかましい,-1,-1,-1,名詞,一般,*,*,*,*,やかましい,ヤカマシイ,ヤカマシイ
じゃかまし,-1,-1,-1,名詞,一般,*,*,*,*,じゃかまし,ジャカマシ,ジャカマシ
うるさい,-1,-1,-1,名詞,一般,*,*,*,*,うるさい,ウルサイ,ウルサイ
うざい,-1,-1,-1,名詞,一般,*,*,*,*,うざい,ウザイ,ウザイ
最低,-1,-1,-1,名詞,一般,*,*,*,*,最低,サイテイ,サイテイ
さいてい,-1,-1,-1,名詞,一般,*,*,*,*,最低,サイテイ,サイテイ
いい加減にしろ,-1,-1,-1,名詞,一般,*,*,*,*,いい加減にしろ,イイ加減ニシロ,イイ加減ニシロ
いいかげんにしろ,-1,-1,-1,名詞,一般,*,*,*,*,いい加減にしろ,イイカゲンニシロ,イイカゲンニシロ
ふざけるな,-1,-1,-1,名詞,一般,*,*,*,*,ふざけるな,フザケルナ,フザケルナ
屁こき,-1,-1,-1,名詞,一般,*,*,*,*,屁こき,ヘコキ,ヘコキ
へこき,-1,-1,-1,名詞,一般,*,*,*,*,屁こき,ヘコキ,ヘコキ
あほ,1,1,1,形容詞,一般,*,*,*,*,あほ,アホ,アホ
馬鹿,1,1,1,形容詞,一般,*,*,*,*,馬鹿,バカ,バカ
ばか,1,1,1,形容詞,一般,*,*,*,*,馬鹿,バカ,バカ
馬鹿野郎,1,1,1,形容詞,一般,*,*,*,*,馬鹿野郎,バカヤロウ,バカヤロウ
ばかやろう,1,1,1,形容詞,一般,*,*,*,*,馬鹿野郎,バカヤロウ,バカヤロウ
まぬけ,1,1,1,形容詞,一般,*,*,*,*,まぬけ,マヌケ,マヌケ
のろま,1,1,1,形容詞,一般,*,*,*,*,のろま,ノロマ,ノロマ
へたくそ,1,1,1,形容詞,一般,*,*,*,*,へたくそ,ヘタクソ,ヘタクソ
どじ,1,1,1,形容詞,一般,*,*,*,*,どじ,ドジ,ドジ
ぼけ,1,1,1,形容詞,一般,*,*,*,*,ぼけ,ボケ,ボケ
とろい,1,1,1,形容詞,一般,*,*,*,*,とろい,トロイ,トロイ
くそがき,1,1,1,形容詞,一般,*,*,*,*,くそがき,クソガキ,クソガキ
わるがき,1,1,1,形容詞,一般,*,*,*,*,わるがき,ワルガキ,ワルガキ
でぶ,1,1,1,形容詞,一般,*,*,*,*,でぶ,デブ,デブ
ぶす,1,1,1,形容詞,一般,*,*,*,*,ぶす,ブス,ブス
ちび,1,1,1,形容詞,一般,*,*,*,*,ちび,チビ,チビ
くちきたない,1,1,1,形容詞,一般,*,*,*,*,くちきたない,クチキタナイ,クチキタナイ
けち,1,1,1,形容詞,一般,*,*,*,*,けち,ケチ,ケチ
ずるい,1,1,1,形容詞,一般,*,*,*,*,ずるい,ズルイ,ズルイ
ださい,1,1,1,形容詞,一般,*,*,*,*,ださい,ダサイ,ダサイ
ダサい,1,1,1,形容詞,一般,*,*,*,*,ダサい,ダサイ,ダサイ
くそまじめ,1,1,1,形容詞,一般,*,*,*,*,くそまじめ,クソマジメ,クソマジメ
ヲタク,1,1,1,形容詞,一般,*,*,*,*,ヲタク,ヲタク,ヲタク
意地悪,1,1,1,形容詞,一般,*,*,*,*,意地悪,イジワル,イジワル
いじわる,1,1,1,形容詞,一般,*,*,*,*,意地悪,イジワル,イジワル
やぼ,1,1,1,形容詞,一般,*,*,*,*,やぼ,ヤボ,ヤボ
弱虫,1,1,1,形容詞,一般,*,*,*,*,弱虫,ヨワムシ,ヨワムシ
よわむし,1,1,1,形容詞,一般,*,*,*,*,弱虫,ヨワムシ,ヨワムシ
腰抜け,1,1,1,形容詞,一般,*,*,*,*,腰抜け,コシヌケ,コシヌケ
こしぬけ,1,1,1,形容詞,一般,*,*,*,*,腰抜け,コシヌケ,コシヌケ
嘘つき,1,1,1,形容詞,一般,*,*,*,*,嘘つき,ウソツキ,ウソツキ
うそつき,1,1,1,形容詞,一般,*,*,*,*,嘘つき,ウソツキ,ウソツキ
きもい,1,1,1,形容詞,一般,*,*,*,*,きもい,キモイ,キモイ
アイヌ系,-1,-1,-1,名詞,一般,*,*,*,*,アイヌ系,アイヌケイ,アイヌケイ
合いの子,-1,-1,-1,名詞,一般,*,*,*,*,合いの子,アイノコ,アイノコ
青姦,-1,-1,-1,名詞,一般,*,*,*,*,青姦,アオカン,アオカン
アカ,-1,-1,-1,名詞,一般,*,*,*,*,アカ,アカ,アカ
明盲,-1,-1,-1,名詞,一般,*,*,*,*,明盲,アキメクラ,アキメクラ
足切り,-1,-1,-1,名詞,一般,*,*,*,*,足切り,アシキリ,アシキリ
足を洗う,-1,-1,-1,名詞,一般,*,*,*,*,足を洗う,アシヲアラウ,アシヲアラウ
当て馬,-1,-1,-1,名詞,一般,*,*,*,*,当て馬,アテウマ,アテウマ
アメ公,-1,-1,-1,名詞,一般,*,*,*,*,アメ公,アメコウ,アメコウ
あらめん,-1,-1,-1,名詞,一般,*,*,*,*,あらめん,アラメン,アラメン
アル中,-1,-1,-1,名詞,一般,*,*,*,*,アル中,アルチュウ,アルチュウ
按摩,-1,-1,-1,名詞,一般,*,*,*,*,按摩,アンマ,アンマ
家柄,-1,-1,-1,名詞,一般,*,*,*,*,家柄,イエガラ,イエガラ
イカサマ,-1,-1,-1,名詞,一般,*,*,*,*,イカサマ,イカサマ,イカサマ
躄,-1,-1,-1,名詞,一般,*,*,*,*,躄,イザリ,イザリ
伊勢乞食,-1,-1,-1,名詞,一般,*,*,*,*,伊勢乞食,イセコジキ,イセコジキ
イタ公,-1,-1,-1,名詞,一般,*,*,*,*,イタ公,イタコウ,イタコウ
板前,-1,-1,-1,名詞,一般,*,*,*,*,板前,イタマエ,イタマエ
いちゃもん,-1,-1,-1,名詞,一般,*,*,*,*,いちゃもん,イチャモン,イチャモン
田舎,-1,-1,-1,名詞,一般,*,*,*,*,田舎,イナカ,イナカ
犬殺し,-1,-1,-1,名詞,一般,*,*,*,*,犬殺し,イヌゴロシ,イヌゴロシ
移民,-1,-1,-1,名詞,一般,*,*,*,*,移民,イミン,イミン
イモ,-1,-1,-1,名詞,一般,*,*,*,*,イモ,イモ,イモ
インチキ,-1,-1,-1,名詞,一般,*,*,*,*,インチキ,インチキ,インチキ
インディアン嘘つかない,-1,-1,-1,名詞,一般,*,*,*,*,インディアン嘘つかない,インディアンウソツカナイ,インディアンウソツカナイ
淫売,-1,-1,-1,名詞,一般,*,*,*,*,淫売,インバイ,インバイ
裏日本,-1,-1,-1,名詞,一般,*,*,*,*,裏日本,ウラニホン,ウラニホン
うんこ,-1,-1,-1,名詞,一般,*,*,*,*,うんこ,ウンコ,ウンコ
運ちゃん,-1,-1,-1,名詞,一般,*,*,*,*,運ちゃん,ウンチャン,ウンチャン
エスキモー,-1,-1,-1,名詞,一般,*,*,*,*,エスキモー,エスキモー,エスキモー
穢多,-1,-1,-1,名詞,一般,*,*,*,*,穢多,エタ,エタ
越後の米つき,-1,-1,-1,名詞,一般,*,*,*,*,越後の米つき,エチゴノコメツキ,エチゴノコメツキ
エチゼンクラゲ,-1,-1,-1,名詞,一般,*,*,*,*,エチゼンクラゲ,エチゼンクラゲ,エチゼンクラゲ
エディター,-1,-1,-1,名詞,一般,*,*,*,*,エディター,エディター,エディター
ＯＬ,-1,-1,-1,名詞,一般,*,*,*,*,ＯＬ,オーエル,オーエル
オールドミス,-1,-1,-1,名詞,一般,*,*,*,*,オールドミス,オールドミス,オールドミス
オカマ,-1,-1,-1,名詞,一般,*,*,*,*,オカマ,オカマ,オカマ
沖仲仕,-1,-1,-1,名詞,一般,*,*,*,*,沖仲仕,オキナカシ,オキナカシ
唖,-1,-1,-1,名詞,一般,*,*,*,*,唖,オシ,オシ
落人部落,-1,-1,-1,名詞,一般,*,*,*,*,落人部落,オチウドブラク,オチウドブラク
落ちこぼれ,-1,-1,-1,名詞,一般,*,*,*,*,落ちこぼれ,オチコボレ,オチコボレ
落とし前,-1,-1,-1,名詞,一般,*,*,*,*,落とし前,オトシマエ,オトシマエ
溺れ死ぬ,-1,-1,-1,名詞,一般,*,*,*,*,溺れ死ぬ,オボレジヌ,オボレジヌ
お巡り,-1,-1,-1,名詞,一般,*,*,*,*,お巡り,オマワリ,オマワリ
表日本,-1,-1,-1,名詞,一般,*,*,*,*,表日本,オモテニホン,オモテニホン
親方,-1,-1,-1,名詞,一般,*,*,*,*,親方,オヤカタ,オヤカタ
おわい屋,-1,-1,-1,名詞,一般,*,*,*,*,おわい屋,オワイヤ,オワイヤ
女子供,-1,-1,-1,名詞,一般,*,*,*,*,女子供,オンナコドモ,オンナコドモ
女の腐ったような,-1,-1,-1,名詞,一般,*,*,*,*,女の腐ったような,オンナノクサッタヨウナ,オンナノクサッタヨウナ
隠坊,-1,-1,-1,名詞,一般,*,*,*,*,隠坊,オンボウ,オンボウ
外人,-1,-1,-1,名詞,一般,*,*,*,*,外人,ガイジン,ガイジン
蛙の子は蛙,-1,-1,-1,名詞,一般,*,*,*,*,蛙の子は蛙,カエルノコハカエル,カエルノコハカエル
ガキ,-1,-1,-1,名詞,一般,*,*,*,*,ガキ,ガキ,ガキ
確信犯,-1,-1,-1,名詞,一般,*,*,*,*,確信犯,カクシンハン,カクシンハン
拡張員,-1,-1,-1,名詞,一般,*,*,*,*,拡張員,カクチョウイン,カクチョウイン
拡張団,-1,-1,-1,名詞,一般,*,*,*,*,拡張団,カクチョウダン,カクチョウダン
拡張団長,-1,-1,-1,名詞,一般,*,*,*,*,拡張団長,カクチョウダンチョウ,カクチョウダンチョウ
家系,-1,-1,-1,名詞,一般,*,*,*,*,家系,カケイ,カケイ
過去帳,-1,-1,-1,名詞,一般,*,*,*,*,過去帳,カコチョウ,カコチョウ
ガサ,-1,-1,-1,名詞,一般,*,*,*,*,ガサ,ガサ,ガサ
かさっかき,-1,-1,-1,名詞,一般,*,*,*,*,かさっかき,カサッカキ,カサッカキ
片足,-1,-1,-1,名詞,一般,*,*,*,*,片足,カタアシ,カタアシ
片親,-1,-1,-1,名詞,一般,*,*,*,*,片親,カタオヤ,カタオヤ
片手落ち,-1,-1,-1,名詞,一般,*,*,*,*,片手落ち,カタテオチ,カタテオチ
片肺,-1,-1,-1,名詞,一般,*,*,*,*,片肺,カタハイ,カタハイ
片目,-1,-1,-1,名詞,一般,*,*,*,*,片目,カタメ,カタメ
片端,-1,-1,-1,名詞,一般,*,*,*,*,片端,カタワ,カタワ
がちゃ目,-1,-1,-1,名詞,一般,*,*,*,*,がちゃ目,ガチャメ,ガチャメ
担ぎ屋,-1,-1,-1,名詞,一般,*,*,*,*,担ぎ屋,カツギヤ,カツギヤ
かったい,-1,-1,-1,名詞,一般,*,*,*,*,かったい,カッタイ,カッタイ
がっぷり四つ,-1,-1,-1,名詞,一般,*,*,*,*,がっぷり四つ,ガップリヨツ,ガップリヨツ
カッペ,-1,-1,-1,名詞,一般,*,*,*,*,カッペ,カッペ,カッペ
上方の贅六,-1,-1,-1,名詞,一般,*,*,*,*,上方の贅六,カミガタノゼイロク,カミガタノゼイロク
借り腹,-1,-1,-1,名詞,一般,*,*,*,*,借り腹,カリバラ,カリバラ
皮被り,-1,-1,-1,名詞,一般,*,*,*,*,皮被り,カワカブリ,カワカブリ
皮切り,-1,-1,-1,名詞,一般,*,*,*,*,皮切り,カワキリ,カワキリ
川向こう,-1,-1,-1,名詞,一般,*,*,*,*,川向こう,カワムコウ,カワムコウ
河原乞食,-1,-1,-1,名詞,一般,*,*,*,*,河原乞食,カワラコジキ,カワラコジキ
看護婦,-1,-1,-1,名詞,一般,*,*,*,*,看護婦,カンゴフ,カンゴフ
姦通,-1,-1,-1,名詞,一般,*,*,*,*,姦通,カンツウ,カンツウ
キ印,-1,-1,-1,名詞,一般,*,*,*,*,キ印,キジルシ,キジルシ
キチ,-1,-1,-1,名詞,一般,*,*,*,*,キチ,キチ,キチ
気違い,-1,-1,-1,名詞,一般,*,*,*,*,気違い,キチガイ,キチガイ
気違い沙汰,-1,-1,-1,名詞,一般,*,*,*,*,気違い沙汰,キチガイザタ,キチガイザタ
気違いに刃物,-1,-1,-1,名詞,一般,*,*,*,*,気違いに刃物,キチガイニハモノ,キチガイニハモノ
ぎっちょ,-1,-1,-1,名詞,一般,*,*,*,*,ぎっちょ,ギッチョ,ギッチョ
給仕,-1,-1,-1,名詞,一般,*,*,*,*,給仕,キュウジ,キュウジ
灸を据える,-1,-1,-1,名詞,一般,*,*,*,*,灸を据える,キュウヲスエル,キュウヲスエル
狂気,-1,-1,-1,名詞,一般,*,*,*,*,狂気,キョウキ,キョウキ
狂気の沙汰,-1,-1,-1,名詞,一般,*,*,*,*,狂気の沙汰,キョウキノサタ,キョウキノサタ
狂女,-1,-1,-1,名詞,一般,*,*,*,*,狂女,キョウジョ,キョウジョ
狂人,-1,-1,-1,名詞,一般,*,*,*,*,狂人,キョウジン,キョウジン
漁夫,-1,-1,-1,名詞,一般,*,*,*,*,漁夫,ギョフ,ギョフ
苦力,-1,-1,-1,名詞,一般,*,*,*,*,苦力,クーリー,クーリー
屑屋,-1,-1,-1,名詞,一般,*,*,*,*,屑屋,クズヤ,クズヤ
愚鈍,-1,-1,-1,名詞,一般,*,*,*,*,愚鈍,グドン,グドン
首切り,-1,-1,-1,名詞,一般,*,*,*,*,首切り,クビキリ,クビキリ
汲み取り屋,-1,-1,-1,名詞,一般,*,*,*,*,汲み取り屋,クミトリヤ,クミトリヤ
狂う,-1,-1,-1,名詞,一般,*,*,*,*,狂う,クルウ,クルウ
クロ,-1,-1,-1,名詞,一般,*,*,*,*,クロ,クロ,クロ
黒んぼ,-1,-1,-1,名詞,一般,*,*,*,*,黒んぼ,クロンボ,クロンボ
くわえ込む,-1,-1,-1,名詞,一般,*,*,*,*,くわえ込む,クワエコム,クワエコム
クンニ,-1,-1,-1,名詞,一般,*,*,*,*,クンニ,クンニ,クンニ
群盲象をなでる,-1,-1,-1,名詞,一般,*,*,*,*,群盲象をなでる,グンモウゾウヲナデル,グンモウゾウヲナデル
芸人,-1,-1,-1,名詞,一般,*,*,*,*,芸人,ゲイニン,ゲイニン
ゲーセン,-1,-1,-1,名詞,一般,*,*,*,*,ゲーセン,ゲーセン,ゲーセン
下女,-1,-1,-1,名詞,一般,*,*,*,*,下女,ゲジョ,ゲジョ
血統,-1,-1,-1,名詞,一般,*,*,*,*,血統,ケットウ,ケットウ
毛唐,-1,-1,-1,名詞,一般,*,*,*,*,毛唐,ケトウ,ケトウ
下男,-1,-1,-1,名詞,一般,*,*,*,*,下男,ゲナン,ゲナン
健全なる精神は健全なる身体に宿る,-1,-1,-1,名詞,一般,*,*,*,*,健全なる精神は健全なる身体に宿る,ケンゼンナルセイシンハケンゼンナルシンタイニヤドル,ケンゼンナルセイシンハケンゼンナルシンタイニヤドル
ゲンナマ,-1,-1,-1,名詞,一般,*,*,*,*,ゲンナマ,ゲンナマ,ゲンナマ
強姦,-1,-1,-1,名詞,一般,*,*,*,*,強姦,ゴウカン,ゴウカン
後進国,-1,-1,-1,名詞,一般,*,*,*,*,後進国,コウシンコク,コウシンコク
興信所,-1,-1,-1,名詞,一般,*,*,*,*,興信所,コウシンジョ,コウシンジョ
業病,-1,-1,-1,名詞,一般,*,*,*,*,業病,ゴウビョウ,ゴウビョウ
鉱夫,-1,-1,-1,名詞,一般,*,*,*,*,鉱夫,コウフ,コウフ
工夫,-1,-1,-1,名詞,一般,*,*,*,*,工夫,コウフ,コウフ
坑夫,-1,-1,-1,名詞,一般,*,*,*,*,坑夫,コウフ,コウフ
紅毛人,-1,-1,-1,名詞,一般,*,*,*,*,紅毛人,コウモウジン,コウモウジン
黒人,-1,-1,-1,名詞,一般,*,*,*,*,黒人,コクジン,コクジン
虚仮,-1,-1,-1,名詞,一般,*,*,*,*,虚仮,コケ,コケ
孤児院,-1,-1,-1,名詞,一般,*,*,*,*,孤児院,コジイン,コジイン
乞食,-1,-1,-1,名詞,一般,*,*,*,*,乞食,コジキ,コジキ
小僧,-1,-1,-1,名詞,一般,*,*,*,*,小僧,コゾウ,コゾウ
小使い,-1,-1,-1,名詞,一般,*,*,*,*,小使い,コヅカイ,コヅカイ
子供,-1,-1,-1,名詞,一般,*,*,*,*,子供,コドモ,コドモ
小人,-1,-1,-1,名詞,一般,*,*,*,*,小人,コビト,コビト
ゴミ屋,-1,-1,-1,名詞,一般,*,*,*,*,ゴミ屋,ゴミヤ,ゴミヤ
コロシ,-1,-1,-1,名詞,一般,*,*,*,*,コロシ,コロシ,コロシ
魚屋,-1,-1,-1,名詞,一般,*,*,*,*,魚屋,サカナヤ,サカナヤ
ザギン,-1,-1,-1,名詞,一般,*,*,*,*,ザギン,ザギン,ザギン
サツ,-1,-1,-1,名詞,一般,*,*,*,*,サツ,サツ,サツ
サラ金,-1,-1,-1,名詞,一般,*,*,*,*,サラ金,サラキン,サラキン
サラブレッド,-1,-1,-1,名詞,一般,*,*,*,*,サラブレッド,サラブレッド,サラブレッド
三韓征伐,-1,-1,-1,名詞,一般,*,*,*,*,三韓征伐,サンカンセイバツ,サンカンセイバツ
三国人,-1,-1,-1,名詞,一般,*,*,*,*,三国人,サンゴクジン,サンゴクジン
三助,-1,-1,-1,名詞,一般,*,*,*,*,三助,サンスケ,サンスケ
産婆,-1,-1,-1,名詞,一般,*,*,*,*,産婆,サンバ,サンバ
色盲,-1,-1,-1,名詞,一般,*,*,*,*,色盲,シキモウ,シキモウ
支那,-1,-1,-1,名詞,一般,*,*,*,*,支那,シナ,シナ
支那人,-1,-1,-1,名詞,一般,*,*,*,*,支那人,シナジン,シナジン
支那蕎麦,-1,-1,-1,名詞,一般,*,*,*,*,支那蕎麦,シナソバ,シナソバ
支那竹,-1,-1,-1,名詞,一般,*,*,*,*,支那竹,シナチク,シナチク
支那料理,-1,-1,-1,名詞,一般,*,*,*,*,支那料理,シナリョウリ,シナリョウリ
士農工商,-1,-1,-1,名詞,一般,*,*,*,*,士農工商,シノウコウショウ,シノウコウショウ
ジプシー,-1,-1,-1,名詞,一般,*,*,*,*,ジプシー,ジプシー,ジプシー
自閉症児,-1,-1,-1,名詞,一般,*,*,*,*,自閉症児,ジヘイショウジ,ジヘイショウジ
シマ,-1,-1,-1,名詞,一般,*,*,*,*,シマ,シマ,シマ
地回り,-1,-1,-1,名詞,一般,*,*,*,*,地回り,ジマワリ,ジマワリ
ジャップ,-1,-1,-1,名詞,一般,*,*,*,*,ジャップ,ジャップ,ジャップ
ジャリ,-1,-1,-1,名詞,一般,*,*,*,*,ジャリ,ジャリ,ジャリ
ジュー,-1,-1,-1,名詞,一般,*,*,*,*,ジュー,ジュー,ジュー
獣医,-1,-1,-1,名詞,一般,*,*,*,*,獣医,ジュウイ,ジュウイ
周旋屋,-1,-1,-1,名詞,一般,*,*,*,*,周旋屋,シュウセンヤ,シュウセンヤ
酋長,-1,-1,-1,名詞,一般,*,*,*,*,酋長,シュウチョウ,シュウチョウ
嬢,-1,-1,-1,名詞,一般,*,*,*,*,嬢,ジョウ,ジョウ
障害者,-1,-1,-1,名詞,一般,*,*,*,*,障害者,ショウガイシャ,ショウガイシャ
将棋倒しになる,-1,-1,-1,名詞,一般,*,*,*,*,将棋倒しになる,ショウギダオシニナル,ショウギダオシニナル
情夫,-1,-1,-1,名詞,一般,*,*,*,*,情夫,ジョウフ,ジョウフ
情婦,-1,-1,-1,名詞,一般,*,*,*,*,情婦,ジョウフ,ジョウフ
女給,-1,-1,-1,名詞,一般,*,*,*,*,女給,ジョキュウ,ジョキュウ
植物人間,-1,-1,-1,名詞,一般,*,*,*,*,植物人間,ショクブツニンゲン,ショクブツニンゲン
女傑,-1,-1,-1,名詞,一般,*,*,*,*,女傑,ジョケツ,ジョケツ
女工,-1,-1,-1,名詞,一般,*,*,*,*,女工,ジョコウ,ジョコウ
助産婦,-1,-1,-1,名詞,一般,*,*,*,*,助産婦,ジョサンプ,ジョサンプ
処女作,-1,-1,-1,名詞,一般,*,*,*,*,処女作,ショジョサク,ショジョサク
処女峰,-1,-1,-1,名詞,一般,*,*,*,*,処女峰,ショジョホウ,ショジョホウ
女中,-1,-1,-1,名詞,一般,*,*,*,*,女中,ジョチュウ,ジョチュウ
職工,-1,-1,-1,名詞,一般,*,*,*,*,職工,ショッコウ,ショッコウ
しらっこ,-1,-1,-1,名詞,一般,*,*,*,*,しらっこ,シラッコ,シラッコ
尻拭い,-1,-1,-1,名詞,一般,*,*,*,*,尻拭い,シリヌグイ,シリヌグイ
心障児,-1,-1,-1,名詞,一般,*,*,*,*,心障児,シンショウジ,シンショウジ
心障者,-1,-1,-1,名詞,一般,*,*,*,*,心障者,シンショウシャ,シンショウシャ
新平民,-1,-1,-1,名詞,一般,*,*,*,*,新平民,シンヘイミン,シンヘイミン
ズージャー,-1,-1,-1,名詞,一般,*,*,*,*,ズージャー,ズージャー,ズージャー
スケ,-1,-1,-1,名詞,一般,*,*,*,*,スケ,スケ,スケ
すけこまし,-1,-1,-1,名詞,一般,*,*,*,*,すけこまし,スケコマシ,スケコマシ
スチュワーデス,-1,-1,-1,名詞,一般,*,*,*,*,スチュワーデス,スチュワーデス,スチュワーデス
滑り止め,-1,-1,-1,名詞,一般,*,*,*,*,滑り止め,スベリドメ,スベリドメ
ずらかる,-1,-1,-1,名詞,一般,*,*,*,*,ずらかる,ズラカル,ズラカル
スラム,-1,-1,-1,名詞,一般,*,*,*,*,スラム,スラム,スラム
正妻,-1,-1,-1,名詞,一般,*,*,*,*,正妻,セイサイ,セイサイ
精神異常,-1,-1,-1,名詞,一般,*,*,*,*,精神異常,セイシンイジョウ,セイシンイジョウ
精神分裂病,-1,-1,-1,名詞,一般,*,*,*,*,精神分裂病,セイシンブンレツビョウ,セイシンブンレツビョウ
精薄,-1,-1,-1,名詞,一般,*,*,*,*,精薄,セイハク,セイハク
傴僂,-1,-1,-1,名詞,一般,*,*,*,*,傴僂,セムシ,セムシ
鮮人,-1,-1,-1,名詞,一般,*,*,*,*,鮮人,センジン,センジン
潜水夫,-1,-1,-1,名詞,一般,*,*,*,*,潜水夫,センスイフ,センスイフ
千摺り,-1,-1,-1,名詞,一般,*,*,*,*,千摺り,センズリ,センズリ
線路工夫,-1,-1,-1,名詞,一般,*,*,*,*,線路工夫,センロコウフ,センロコウフ
掃除婦,-1,-1,-1,名詞,一般,*,*,*,*,掃除婦,ソウジフ,ソウジフ
掃除夫,-1,-1,-1,名詞,一般,*,*,*,*,掃除夫,ソウジフ,ソウジフ
雑役夫,-1,-1,-1,名詞,一般,*,*,*,*,雑役夫,ゾウヤクフ,ゾウヤクフ
育ちより氏,-1,-1,-1,名詞,一般,*,*,*,*,育ちより氏,ソダチヨリウジ,ソダチヨリウジ
第三国,-1,-1,-1,名詞,一般,*,*,*,*,第三国,ダイサンゴク,ダイサンゴク
代書屋,-1,-1,-1,名詞,一般,*,*,*,*,代書屋,ダイショヤ,ダイショヤ
台湾政府,-1,-1,-1,名詞,一般,*,*,*,*,台湾政府,タイワンセイフ,タイワンセイフ
台湾ハゲ,-1,-1,-1,名詞,一般,*,*,*,*,台湾ハゲ,タイワンハゲ,タイワンハゲ
タケノコ医者,-1,-1,-1,名詞,一般,*,*,*,*,タケノコ医者,タケノコイシャ,タケノコイシャ
蛸部屋,-1,-1,-1,名詞,一般,*,*,*,*,蛸部屋,タコベヤ,タコベヤ
タタキ,-1,-1,-1,名詞,一般,*,*,*,*,タタキ,タタキ,タタキ
ダッチマン,-1,-1,-1,名詞,一般,*,*,*,*,ダッチマン,ダッチマン,ダッチマン
玉袋筋太郎,-1,-1,-1,名詞,一般,*,*,*,*,玉袋筋太郎,タマブクロスジタロウ,タマブクロスジタロウ
他力本願,-1,-1,-1,名詞,一般,*,*,*,*,他力本願,タリキホンガン,タリキホンガン
垂れ流す,-1,-1,-1,名詞,一般,*,*,*,*,垂れ流す,タレナガス,タレナガス
知恵遅れ,-1,-1,-1,名詞,一般,*,*,*,*,知恵遅れ,チエオクレ,チエオクレ
近目,-1,-1,-1,名詞,一般,*,*,*,*,近目,チカメ,チカメ
血筋,-1,-1,-1,名詞,一般,*,*,*,*,血筋,チスジ,チスジ
チビ,-1,-1,-1,名詞,一般,*,*,*,*,チビ,チビ,チビ
痴呆症,-1,-1,-1,名詞,一般,*,*,*,*,痴呆症,チホウショウ,チホウショウ
チャリンコ,-1,-1,-1,名詞,一般,*,*,*,*,チャリンコ,チャリンコ,チャリンコ
チャンコロ,-1,-1,-1,名詞,一般,*,*,*,*,チャンコロ,チャンコロ,チャンコロ
中共,-1,-1,-1,名詞,一般,*,*,*,*,中共,チュウキョウ,チュウキョウ
朝鮮征伐,-1,-1,-1,名詞,一般,*,*,*,*,朝鮮征伐,チョウセンセイバツ,チョウセンセイバツ
朝鮮人参,-1,-1,-1,名詞,一般,*,*,*,*,朝鮮人参,チョウセンニンジン,チョウセンニンジン
チョン,-1,-1,-1,名詞,一般,*,*,*,*,チョン,チョン,チョン
跛,-1,-1,-1,名詞,一般,*,*,*,*,跛,チンバ,チンバ
釣り書き,-1,-1,-1,名詞,一般,*,*,*,*,釣り書き,ツリガキ,ツリガキ
連れ子,-1,-1,-1,名詞,一般,*,*,*,*,連れ子,ツレゴ,ツレゴ
聾,-1,-1,-1,名詞,一般,*,*,*,*,聾,ツンボ,ツンボ
聾桟敷,-1,-1,-1,名詞,一般,*,*,*,*,聾桟敷,ツンボサジキ,ツンボサジキ
低開発国,-1,-1,-1,名詞,一般,*,*,*,*,低開発国,テイカイハツコク,テイカイハツコク
低脳,-1,-1,-1,名詞,一般,*,*,*,*,低脳,テイノウ,テイノウ
低脳児,-1,-1,-1,名詞,一般,*,*,*,*,低脳児,テイノウジ,テイノウジ
デカ,-1,-1,-1,名詞,一般,*,*,*,*,デカ,デカ,デカ
出稼ぎ,-1,-1,-1,名詞,一般,*,*,*,*,出稼ぎ,デカセギ,デカセギ
丁稚,-1,-1,-1,名詞,一般,*,*,*,*,丁稚,デッチ,デッチ
出戻り,-1,-1,-1,名詞,一般,*,*,*,*,出戻り,デモドリ,デモドリ
天才と狂人は紙一重,-1,-1,-1,名詞,一般,*,*,*,*,天才と狂人は紙一重,テンサイトキョウジンハカミヒトエ,テンサイトキョウジンハカミヒトエ
手ん棒,-1,-1,-1,名詞,一般,*,*,*,*,手ん棒,テンボウ,テンボウ
土方,-1,-1,-1,名詞,一般,*,*,*,*,土方,ドカタ,ドカタ
特殊学級,-1,-1,-1,名詞,一般,*,*,*,*,特殊学級,トクシュガッキュウ,トクシュガッキュウ
特殊学校,-1,-1,-1,名詞,一般,*,*,*,*,特殊学校,トクシュガッコウ,トクシュガッコウ
特殊部落,-1,-1,-1,名詞,一般,*,*,*,*,特殊部落,トクシュブラク,トクシュブラク
土建屋,-1,-1,-1,名詞,一般,*,*,*,*,土建屋,ドケンヤ,ドケンヤ
土工,-1,-1,-1,名詞,一般,*,*,*,*,土工,ドコウ,ドコウ
床屋,-1,-1,-1,名詞,一般,*,*,*,*,床屋,トコヤ,トコヤ
土左衛門,-1,-1,-1,名詞,一般,*,*,*,*,土左衛門,ドザエモン,ドザエモン
屠殺,-1,-1,-1,名詞,一般,*,*,*,*,屠殺,トサツ,トサツ
屠殺場,-1,-1,-1,名詞,一般,*,*,*,*,屠殺場,トサツジョウ,トサツジョウ
屠殺人,-1,-1,-1,名詞,一般,*,*,*,*,屠殺人,トサツニン,トサツニン
どさ回り,-1,-1,-1,名詞,一般,*,*,*,*,どさ回り,ドサマワリ,ドサマワリ
土人,-1,-1,-1,名詞,一般,*,*,*,*,土人,ドジン,ドジン
共稼ぎ,-1,-1,-1,名詞,一般,*,*,*,*,共稼ぎ,トモカセギ,トモカセギ
吃,-1,-1,-1,名詞,一般,*,*,*,*,吃,ドモリ,ドモリ
ドヤ,-1,-1,-1,名詞,一般,*,*,*,*,ドヤ,ドヤ,ドヤ
ドヤ街,-1,-1,-1,名詞,一般,*,*,*,*,ドヤ街,ドヤガイ,ドヤガイ
富山の三助,-1,-1,-1,名詞,一般,*,*,*,*,富山の三助,トヤマノサンスケ,トヤマノサンスケ
トルコ嬢,-1,-1,-1,名詞,一般,*,*,*,*,トルコ嬢,トルコジョウ,トルコジョウ
トルコ風呂,-1,-1,-1,名詞,一般,*,*,*,*,トルコ風呂,トルコブロ,トルコブロ
どん百姓,-1,-1,-1,名詞,一般,*,*,*,*,どん百姓,ドンビャクショウ,ドンビャクショウ
ナオン,-1,-1,-1,名詞,一般,*,*,*,*,ナオン,ナオン,ナオン
南鮮,-1,-1,-1,名詞,一般,*,*,*,*,南鮮,ナンセン,ナンセン
南部の鮭の鼻まがり,-1,-1,-1,名詞,一般,*,*,*,*,南部の鮭の鼻まがり,ナンブノシャケノハナマガリ,ナンブノシャケノハナマガリ
ニガー,-1,-1,-1,名詞,一般,*,*,*,*,ニガー,ニガー,ニガー
ニグロ,-1,-1,-1,名詞,一般,*,*,*,*,ニグロ,ニグロ,ニグロ
二号,-1,-1,-1,名詞,一般,*,*,*,*,二号,ニゴウ,ニゴウ
ニコヨン,-1,-1,-1,名詞,一般,*,*,*,*,ニコヨン,ニコヨン,ニコヨン
日本のチベット,-1,-1,-1,名詞,一般,*,*,*,*,日本のチベット,ニホンノチベット,ニホンノチベット
人足,-1,-1,-1,名詞,一般,*,*,*,*,人足,ニンソク,ニンソク
人非人,-1,-1,-1,名詞,一般,*,*,*,*,人非人,ニンピニン,ニンピニン
人夫,-1,-1,-1,名詞,一般,*,*,*,*,人夫,ニンプ,ニンプ
猫糞,-1,-1,-1,名詞,一般,*,*,*,*,猫糞,ネコババ,ネコババ
農夫,-1,-1,-1,名詞,一般,*,*,*,*,農夫,ノウフ,ノウフ
脳膜炎,-1,-1,-1,名詞,一般,*,*,*,*,脳膜炎,ノウマクエン,ノウマクエン
ノビ,-1,-1,-1,名詞,一般,*,*,*,*,ノビ,ノビ,ノビ
ハーフ,-1,-1,-1,名詞,一般,*,*,*,*,ハーフ,ハーフ,ハーフ
パーマ屋,-1,-1,-1,名詞,一般,*,*,*,*,パーマ屋,パーマヤ,パーマヤ
馬鹿チョンカメラ,-1,-1,-1,名詞,一般,*,*,*,*,馬鹿チョンカメラ,バカチョンカメラ,バカチョンカメラ
馬鹿でもチョンでも,-1,-1,-1,名詞,一般,*,*,*,*,馬鹿でもチョンでも,バカデモチョンデモ,バカデモチョンデモ
白痴,-1,-1,-1,名詞,一般,*,*,*,*,白痴,ハクチ,ハクチ
パクる,-1,-1,-1,名詞,一般,*,*,*,*,パクる,パクル,パクル
馬喰,-1,-1,-1,名詞,一般,*,*,*,*,馬喰,バクロウ,バクロウ
端女,-1,-1,-1,名詞,一般,*,*,*,*,端女,ハシタメ,ハシタメ
肌色,-1,-1,-1,名詞,一般,*,*,*,*,肌色,ハダイロ,ハダイロ
バタ屋,-1,-1,-1,名詞,一般,*,*,*,*,バタ屋,バタヤ,バタヤ
発狂する,-1,-1,-1,名詞,一般,*,*,*,*,発狂する,ハッキョウスル,ハッキョウスル
馬丁,-1,-1,-1,名詞,一般,*,*,*,*,馬丁,バテイ,バテイ
パン助,-1,-1,-1,名詞,一般,*,*,*,*,パン助,パンスケ,パンスケ
番太,-1,-1,-1,名詞,一般,*,*,*,*,番太,バンタ,バンタ
半島人,-1,-1,-1,名詞,一般,*,*,*,*,半島人,ハントウジン,ハントウジン
飯場,-1,-1,-1,名詞,一般,*,*,*,*,飯場,ハンバ,ハンバ
引かれ者,-1,-1,-1,名詞,一般,*,*,*,*,引かれ者,ヒカレモノ,ヒカレモノ
跛,-1,-1,-1,名詞,一般,*,*,*,*,跛,ビッコ,ビッコ
非人,-1,-1,-1,名詞,一般,*,*,*,*,非人,ヒニン,ヒニン
ヒモ,-1,-1,-1,名詞,一般,*,*,*,*,ヒモ,ヒモ,ヒモ
百姓,-1,-1,-1,名詞,一般,*,*,*,*,百姓,ヒャクショウ,ヒャクショウ
日雇い,-1,-1,-1,名詞,一般,*,*,*,*,日雇い,ヒヤトイ,ヒヤトイ
貧農,-1,-1,-1,名詞,一般,*,*,*,*,貧農,ヒンノウ,ヒンノウ
醜男,-1,-1,-1,名詞,一般,*,*,*,*,醜男,ブオトコ,ブオトコ
不可触民,-1,-1,-1,名詞,一般,*,*,*,*,不可触民,フカショクミン,フカショクミン
不具,-1,-1,-1,名詞,一般,*,*,*,*,不具,フグ,フグ
父兄,-1,-1,-1,名詞,一般,*,*,*,*,父兄,フケイ,フケイ
不治の病,-1,-1,-1,名詞,一般,*,*,*,*,不治の病,フジノヤマイ,フジノヤマイ
ブス,-1,-1,-1,名詞,一般,*,*,*,*,ブス,ブス,ブス
ブタ箱,-1,-1,-1,名詞,一般,*,*,*,*,ブタ箱,ブタバコ,ブタバコ
ブツ,-1,-1,-1,名詞,一般,*,*,*,*,ブツ,ブツ,ブツ
踏切番,-1,-1,-1,名詞,一般,*,*,*,*,踏切番,フミキリバン,フミキリバン
ブラインドタッチ,-1,-1,-1,名詞,一般,*,*,*,*,ブラインドタッチ,ブラインドタッチ,ブラインドタッチ
部落,-1,-1,-1,名詞,一般,*,*,*,*,部落,ブラク,ブラク
浮浪児,-1,-1,-1,名詞,一般,*,*,*,*,浮浪児,フロウジ,フロウジ
浮浪者,-1,-1,-1,名詞,一般,*,*,*,*,浮浪者,フロウシャ,フロウシャ
ペイ患,-1,-1,-1,名詞,一般,*,*,*,*,ペイ患,ペイカン,ペイカン
ペイ中,-1,-1,-1,名詞,一般,*,*,*,*,ペイ中,ペイチュウ,ペイチュウ
坊主,-1,-1,-1,名詞,一般,*,*,*,*,坊主,ボウズ,ボウズ
北鮮,-1,-1,-1,名詞,一般,*,*,*,*,北鮮,ホクセン,ホクセン
ポコペン,-1,-1,-1,名詞,一般,*,*,*,*,ポコペン,ポコペン,ポコペン
保線工夫,-1,-1,-1,名詞,一般,*,*,*,*,保線工夫,ホセンコウフ,ホセンコウフ
ポッポー屋,-1,-1,-1,名詞,一般,*,*,*,*,ポッポー屋,ポッポーヤ,ポッポーヤ
保母,-1,-1,-1,名詞,一般,*,*,*,*,保母,ホボ,ホボ
ポリ公,-1,-1,-1,名詞,一般,*,*,*,*,ポリ公,ポリコウ,ポリコウ
本腰を入れる,-1,-1,-1,名詞,一般,*,*,*,*,本腰を入れる,ホンゴシヲイレル,ホンゴシヲイレル
ぽん引き,-1,-1,-1,名詞,一般,*,*,*,*,ぽん引き,ポンビキ,ポンビキ
ほんぼし,-1,-1,-1,名詞,一般,*,*,*,*,ほんぼし,ホンボシ,ホンボシ
まえつき,-1,-1,-1,名詞,一般,*,*,*,*,まえつき,マエツキ,マエツキ
魔女っ子,-1,-1,-1,名詞,一般,*,*,*,*,魔女っ子,マジョッコ,マジョッコ
股に掛ける,-1,-1,-1,名詞,一般,*,*,*,*,股に掛ける,マタニカケル,マタニカケル
町医者,-1,-1,-1,名詞,一般,*,*,*,*,町医者,マチイシャ,マチイシャ
マンコ,-1,-1,-1,名詞,一般,*,*,*,*,マンコ,マンコ,マンコ
満州,-1,-1,-1,名詞,一般,*,*,*,*,満州,マンシュウ,マンシュウ
未開人,-1,-1,-1,名詞,一般,*,*,*,*,未開人,ミカイジン,ミカイジン
未開発国,-1,-1,-1,名詞,一般,*,*,*,*,未開発国,ミカイハツコク,ミカイハツコク
三つ口,-1,-1,-1,名詞,一般,*,*,*,*,三つ口,ミツクチ,ミツクチ
身分,-1,-1,-1,名詞,一般,*,*,*,*,身分,ミブン,ミブン
未亡人,-1,-1,-1,名詞,一般,*,*,*,*,未亡人,ミボウジン,ミボウジン
身元調査,-1,-1,-1,名詞,一般,*,*,*,*,身元調査,ミモトチョウサ,ミモトチョウサ
婿をとる,-1,-1,-1,名詞,一般,*,*,*,*,婿をとる,ムコヲトル,ムコヲトル
娘を片付ける,-1,-1,-1,名詞,一般,*,*,*,*,娘を片付ける,ムスメヲカタヅケル,ムスメヲカタヅケル
名門校,-1,-1,-1,名詞,一般,*,*,*,*,名門校,メイモンコウ,メイモンコウ
妾,-1,-1,-1,名詞,一般,*,*,*,*,妾,メカケ,メカケ
盲,-1,-1,-1,名詞,一般,*,*,*,*,盲,メクラ,メクラ
盲縞,-1,-1,-1,名詞,一般,*,*,*,*,盲縞,メクラジマ,メクラジマ
盲判を押す,-1,-1,-1,名詞,一般,*,*,*,*,盲判を押す,メクラバンヲオス,メクラバンヲオス
盲蛇に怖じず,-1,-1,-1,名詞,一般,*,*,*,*,盲蛇に怖じず,メクラヘビニオジズ,メクラヘビニオジズ
盲滅法,-1,-1,-1,名詞,一般,*,*,*,*,盲滅法,メクラメッポウ,メクラメッポウ
めっかち,-1,-1,-1,名詞,一般,*,*,*,*,めっかち,メッカチ,メッカチ
盲愛する,-1,-1,-1,名詞,一般,*,*,*,*,盲愛する,モウアイスル,モウアイスル
蒙古症,-1,-1,-1,名詞,一般,*,*,*,*,蒙古症,モウコショウ,モウコショウ
盲人,-1,-1,-1,名詞,一般,*,*,*,*,盲人,モウジン,モウジン
盲目,-1,-1,-1,名詞,一般,*,*,*,*,盲目,モウモク,モウモク
文盲,-1,-1,-1,名詞,一般,*,*,*,*,文盲,モンモウ,モンモウ
ヤー様,-1,-1,-1,名詞,一般,*,*,*,*,ヤー様,ヤーサマ,ヤーサマ
八百屋,-1,-1,-1,名詞,一般,*,*,*,*,八百屋,ヤオヤ,ヤオヤ
役不足,-1,-1,-1,名詞,一般,*,*,*,*,役不足,ヤクブソク,ヤクブソク
やさぐれ,-1,-1,-1,名詞,一般,*,*,*,*,やさぐれ,ヤサグレ,ヤサグレ
ヤバい,-1,-1,-1,名詞,一般,*,*,*,*,ヤバい,ヤバイ,ヤバイ
藪医者,-1,-1,-1,名詞,一般,*,*,*,*,藪医者,ヤブイシャ,ヤブイシャ
藪睨み,-1,-1,-1,名詞,一般,*,*,*,*,藪睨み,ヤブニラミ,ヤブニラミ
ヤンキー,-1,-1,-1,名詞,一般,*,*,*,*,ヤンキー,ヤンキー,ヤンキー
ヤンキー,-1,-1,-1,名詞,一般,*,*,*,*,ヤンキー,ヤンキイ,ヤンキイ
郵便夫,-1,-1,-1,名詞,一般,*,*,*,*,郵便夫,ユウビンフ,ユウビンフ
郵便屋,-1,-1,-1,名詞,一般,*,*,*,*,郵便屋,ユウビンヤ,ユウビンヤ
養護,-1,-1,-1,名詞,一般,*,*,*,*,養護,ヨウゴ,ヨウゴ
養老院,-1,-1,-1,名詞,一般,*,*,*,*,養老院,ヨウロウイン,ヨウロウイン
寄せ場,-1,-1,-1,名詞,一般,*,*,*,*,寄せ場,ヨセバ,ヨセバ
ヨツ,-1,-1,-1,名詞,一般,*,*,*,*,ヨツ,ヨツ,ヨツ
四つ足,-1,-1,-1,名詞,一般,*,*,*,*,四つ足,ヨツアシ,ヨツアシ
四つ辻,-1,-1,-1,名詞,一般,*,*,*,*,四つ辻,ヨツツジ,ヨツツジ
嫁にやる,-1,-1,-1,名詞,一般,*,*,*,*,嫁にやる,ヨメニヤル,ヨメニヤル
寄目,-1,-1,-1,名詞,一般,*,*,*,*,寄目,ヨリメ,ヨリメ
癩病,-1,-1,-1,名詞,一般,*,*,*,*,癩病,ライビョウ,ライビョウ
ルンペン,-1,-1,-1,名詞,一般,*,*,*,*,ルンペン,ルンペン,ルンペン
令嬢,-1,-1,-1,名詞,一般,*,*,*,*,令嬢,レイジョウ,レイジョウ
レントゲン技師,-1,-1,-1,名詞,一般,*,*,*,*,レントゲン技師,レントゲンギシ,レントゲンギシ
老婆,-1,-1,-1,名詞,一般,*,*,*,*,老婆,ロウバ,ロウバ
労務者,-1,-1,-1,名詞,一般,*,*,*,*,労務者,ロウムシャ,ロウムシャ
露助,-1,-1,-1,名詞,一般,*,*,*,*,露助,ロスケ,ロスケ
ロンパリ,-1,-1,-1,名詞,一般,*,*,*,*,ロンパリ,ロンパリ,ロンパリ
